{
  "euler_5": 41.131874514051106,
  "euler_10": 29.715155836593567,
  "euler_20": 24.480896777813655,
  "euler_40": 21.144688315653582,
  "euler_100": 19.07971574381685,
  "midpoint_5": 33.104443133156565,
  "midpoint_10": 24.363588871335708,
  "midpoint_20": 21.82099507538902,
  "midpoint_40": 20.392370702221967,
  "midpoint_100": 18.973296901954143,
  "rk4_5": 180.67099242040223,
  "rk4_10": 104.55565462101214,
  "rk4_20": 44.311543703481846,
  "rk4_40": 23.034683785046354,
  "rk4_100": 18.420518758627168
}