{
  "euler_5": 679.1719144354945,
  "euler_10": 679.1719143812397,
  "euler_20": 679.1719143326847,
  "euler_40": 679.1719143543914,
  "euler_100": 679.1719143716007,
  "midpoint_5": 679.1719144126215,
  "midpoint_10": 679.1719143660789,
  "midpoint_20": 679.1719143708923,
  "midpoint_40": 679.1719144240762,
  "midpoint_100": 679.1719144183672,
  "rk4_5": 679.1719143519057,
  "rk4_10": 679.1719143680044,
  "rk4_20": 679.1719144365674,
  "rk4_40": 679.1719143336202,
  "rk4_100": 679.1719144181177
}