{
  "euler_5": 254.74791035231246,
  "euler_10": 244.53442086565258,
  "euler_20": 232.5977873423629,
  "euler_40": 216.23222600108318,
  "euler_100": 197.9362300784815,
  "midpoint_5": 267.0885742488495,
  "midpoint_10": 246.55833925002855,
  "midpoint_20": 239.70000905297485,
  "midpoint_40": 233.0197387146283,
  "midpoint_100": 218.89942991484745,
  "rk4_5": 260.2334947820171,
  "rk4_10": 280.4121975056082,
  "rk4_20": 212.27768060168222,
  "rk4_40": 214.1926440805889,
  "rk4_100": 203.75884067860886
}