{
  "euler_5": 236.26711963936788,
  "euler_10": 237.98000884591957,
  "euler_20": 236.87719933377858,
  "euler_40": 227.32229286498986,
  "euler_100": 243.66638705296677,
  "midpoint_5": 240.80465174081772,
  "midpoint_10": 233.4480001338465,
  "midpoint_20": 240.40347788650166,
  "midpoint_40": 240.14559959827815,
  "midpoint_100": 241.32924806965696,
  "rk4_5": 289.0837333510432,
  "rk4_10": 281.8894824878049,
  "rk4_20": 216.52070364400984,
  "rk4_40": 211.37232150876082,
  "rk4_100": 227.94435674831476
}