{
  "euler_5": 299.35738937080515,
  "euler_10": 288.34277743069373,
  "euler_20": 281.71335302219796,
  "euler_40": 272.57475947179944,
  "euler_100": 256.84033838323836,
  "midpoint_5": 298.54490398950577,
  "midpoint_10": 287.8852034371845,
  "midpoint_20": 282.23841699209834,
  "midpoint_40": 275.96703713375575,
  "midpoint_100": 263.90219238106556,
  "rk4_5": 293.43421010584296,
  "rk4_10": 331.97853303969094,
  "rk4_20": 282.8775331487383,
  "rk4_40": 264.4586630774318,
  "rk4_100": 259.00950501056934
}