{
  "euler_5": 287.00183666439807,
  "euler_10": 283.5873906517901,
  "euler_20": 279.5702533004976,
  "euler_40": 276.25939076489726,
  "euler_100": 275.52114568658203,
  "midpoint_5": 277.4365598496598,
  "midpoint_10": 277.34472009419784,
  "midpoint_20": 276.5047570540926,
  "midpoint_40": 275.1040675276265,
  "midpoint_100": 273.6389521920936,
  "rk4_5": 277.26096225436913,
  "rk4_10": 287.87713800284416,
  "rk4_20": 277.45442629548825,
  "rk4_40": 276.85006172159945,
  "rk4_100": 275.90137307603186
}