step,curvature,backtracking
5000,23.114641,0.000000
10000,30.735983,0.000000
15000,33.935162,0.000000
20000,nan,0.000000
25000,nan,0.000000
30000,nan,0.000000
35000,nan,0.000000
40000,nan,0.000000
45000,nan,0.000000
50000,nan,0.000000
55000,nan,0.000000
60000,nan,0.000000
65000,nan,0.000000
70000,nan,0.000000
75000,nan,0.000000
80000,nan,0.000000
