{
  "euler_5": 421.0886566357516,
  "euler_10": 420.8096318889677,
  "euler_20": 420.37328533223825,
  "euler_40": 419.79692243859927,
  "euler_100": 420.6076038092177,
  "midpoint_5": 421.33967756238485,
  "midpoint_10": 420.83656276314196,
  "midpoint_20": 420.0806886900633,
  "midpoint_40": 420.9987921661166,
  "midpoint_100": 421.44287836284116,
  "rk4_5": 420.3741171763878,
  "rk4_10": 420.20911571370334,
  "rk4_20": 420.06063597749744,
  "rk4_40": 421.0896413856218,
  "rk4_100": 420.2673792643699
}