{
  "euler_5": 679.1719143895167,
  "euler_10": 679.1719144110971,
  "euler_20": 679.1719143264003,
  "euler_40": 679.1719143585808,
  "euler_100": 679.1719144105709,
  "midpoint_5": 679.1719144010722,
  "midpoint_10": 679.1719143441554,
  "midpoint_20": 679.1719143951109,
  "midpoint_40": 679.1719144045655,
  "midpoint_100": 679.1719144227901,
  "rk4_5": 679.1719143613504,
  "rk4_10": 679.1719143562387,
  "rk4_20": 679.1719143982268,
  "rk4_40": 679.171914381977,
  "rk4_100": 679.1719144212889
}